"Sex (Male, Female)","Race recode (All, Black)","Age recode (50-54, 60-64, 70-74)","Site recode ICD-O-3/WHO 2008 (Liu et al groupings)","Crude Rate","Standard Error","Lower Confidence Interval","Upper Confidence Interval","Count","Population"
"Male","All","50-54 years","Lip",0.0,0.0,0.0,0.0,32,672743332
"Male","All","50-54 years","Tongue",0.1,0.0,0.1,0.1,376,672743332
"Male","All","50-54 years","Salivary Gland",0.0,0.0,0.0,0.0,60,672743332
"Male","All","50-54 years","Floor of Mouth",0.0,0.0,0.0,0.0,116,672743332
"Male","All","50-54 years","Gum and Other Mouth",0.0,0.0,0.0,0.0,129,672743332
"Male","All","50-54 years","Nasopharynx",0.0,0.0,0.0,0.0,89,672743332
"Male","All","50-54 years","Tonsil",0.0,0.0,0.0,0.0,241,672743332
"Male","All","50-54 years","Oropharynx",0.0,0.0,0.0,0.0,58,672743332
"Male","All","50-54 years","Hypopharynx",0.0,0.0,0.0,0.0,112,672743332
"Male","All","50-54 years","Other Oral Cavity and Pharynx",0.0,0.0,0.0,0.0,37,672743332
"Male","All","50-54 years","Esophagus",0.1,0.0,0.1,0.1,590,672743332
"Male","All","50-54 years","Stomach",0.1,0.0,0.1,0.1,574,672743332
"Male","All","50-54 years","Small Intestine",0.0,0.0,0.0,0.0,110,672743332
"Male","All","50-54 years","Colon and Rectum",0.3,0.0,0.3,0.3,2009,672743332
"Male","All","50-54 years","Anus, Anal Canal and Anorectum",0.0,0.0,0.0,0.0,84,672743332
"Male","All","50-54 years","Liver",0.1,0.0,0.1,0.1,946,672743332
"Male","All","50-54 years","Intrahepatic Bile Duct",0.0,0.0,0.0,0.0,44,672743332
"Male","All","50-54 years","Gallbladder",0.0,0.0,0.0,0.0,23,672743332
"Male","All","50-54 years","Other Biliary",0.0,0.0,0.0,0.0,79,672743332
"Male","All","50-54 years","Pancreas",0.1,0.0,0.1,0.1,835,672743332
"Male","All","50-54 years","Retroperitoneum",0.0,0.0,0.0,0.0,26,672743332
"Male","All","50-54 years","Peritoneum, Omentum and Mesentery",0.0,0.0,0.0,0.0,4,672743332
"Male","All","50-54 years","Other Digestive Organs",0.0,0.0,0.0,0.0,36,672743332
"Male","All","50-54 years","Nose, Nasal Cavity and Middle Ear",0.0,0.0,0.0,0.0,65,672743332
"Male","All","50-54 years","Larynx",0.1,0.0,0.1,0.1,414,672743332
"Male","All","50-54 years","Lung and Bronchus",0.6,0.0,0.6,0.6,3952,672743332
"Male","All","50-54 years","Pleura",0.0,0.0,0.0,0.0,3,672743332
"Male","All","50-54 years","Trachea, Mediastinum and Other Respiratory Organs",0.0,0.0,0.0,0.0,12,672743332
"Male","All","50-54 years","Bones and Joints",0.0,0.0,0.0,0.0,28,672743332
"Male","All","50-54 years","Soft Tissue including Heart",0.0,0.0,0.0,0.0,130,672743332
"Male","All","50-54 years","Melanoma of the Skin",0.1,0.0,0.1,0.1,634,672743332
"Male","All","50-54 years","Other Non-Epithelial Skin",0.0,0.0,0.0,0.0,31,672743332
"Male","All","50-54 years","Breast",0.0,0.0,0.0,0.0,34,672743332
"Male","All","50-54 years","Cervix Uteri",0.0,NA,0.0,0.0,0,672743332
"Male","All","50-54 years","Corpus Uteri",0.0,NA,0.0,0.0,0,672743332
"Male","All","50-54 years","Uterus, NOS",0.0,NA,0.0,0.0,0,672743332
"Male","All","50-54 years","Ovary",0.0,NA,0.0,0.0,0,672743332
"Male","All","50-54 years","Vagina",0.0,NA,0.0,0.0,0,672743332
"Male","All","50-54 years","Vulva",0.0,NA,0.0,0.0,0,672743332
"Male","All","50-54 years","Other Female Genital Organs",0.0,NA,0.0,0.0,0,672743332
"Male","All","50-54 years","Prostate",0.3,0.0,0.3,0.3,1936,672743332
"Male","All","50-54 years","Testis",0.0,0.0,0.0,0.0,69,672743332
"Male","All","50-54 years","Penis",0.0,0.0,0.0,0.0,36,672743332
"Male","All","50-54 years","Other Male Genital Organs",0.0,0.0,0.0,0.0,7,672743332
"Male","All","50-54 years","Urinary Bladder",0.1,0.0,0.1,0.1,570,672743332
"Male","All","50-54 years","Kidney and Renal Pelvis",0.1,0.0,0.1,0.1,867,672743332
"Male","All","50-54 years","Ureter",0.0,0.0,0.0,0.0,13,672743332
"Male","All","50-54 years","Other Urinary Organs",0.0,0.0,0.0,0.0,14,672743332
"Male","All","50-54 years","Eye and Orbit",0.0,0.0,0.0,0.0,45,672743332
"Male","All","50-54 years","Brain and Other Nervous System",0.1,0.0,0.1,0.1,563,672743332
"Male","All","50-54 years","Thyroid",0.0,0.0,0.0,0.0,103,672743332
"Male","All","50-54 years","Other Endocrine including Thymus",0.0,0.0,0.0,0.0,35,672743332
"Male","All","50-54 years","Lymphoma",0.2,0.0,0.1,0.2,1066,672743332
"Male","All","50-54 years","Myeloma",0.1,0.0,0.1,0.1,417,672743332
"Male","All","50-54 years","Leukemia",0.1,0.0,0.1,0.1,563,672743332
"Male","All","50-54 years","Mesothelioma",0.0,0.0,0.0,0.0,56,672743332
"Male","All","50-54 years","Kaposi Sarcoma",0.0,0.0,0.0,0.0,54,672743332
"Male","All","60-64 years","Lip",0.0,0.0,0.0,0.0,67,672743332
"Male","All","60-64 years","Tongue",0.1,0.0,0.1,0.1,406,672743332
"Male","All","60-64 years","Salivary Gland",0.0,0.0,0.0,0.0,102,672743332
"Male","All","60-64 years","Floor of Mouth",0.0,0.0,0.0,0.0,143,672743332
"Male","All","60-64 years","Gum and Other Mouth",0.0,0.0,0.0,0.0,181,672743332
"Male","All","60-64 years","Nasopharynx",0.0,0.0,0.0,0.0,95,672743332
"Male","All","60-64 years","Tonsil",0.0,0.0,0.0,0.0,220,672743332
"Male","All","60-64 years","Oropharynx",0.0,0.0,0.0,0.0,66,672743332
"Male","All","60-64 years","Hypopharynx",0.0,0.0,0.0,0.0,147,672743332
"Male","All","60-64 years","Other Oral Cavity and Pharynx",0.0,0.0,0.0,0.0,49,672743332
"Male","All","60-64 years","Esophagus",0.1,0.0,0.1,0.1,826,672743332
"Male","All","60-64 years","Stomach",0.1,0.0,0.1,0.2,956,672743332
"Male","All","60-64 years","Small Intestine",0.0,0.0,0.0,0.0,153,672743332
"Male","All","60-64 years","Colon and Rectum",0.5,0.0,0.5,0.6,3662,672743332
"Male","All","60-64 years","Anus, Anal Canal and Anorectum",0.0,0.0,0.0,0.0,88,672743332
"Male","All","60-64 years","Liver",0.1,0.0,0.1,0.1,835,672743332
"Male","All","60-64 years","Intrahepatic Bile Duct",0.0,0.0,0.0,0.0,66,672743332
"Male","All","60-64 years","Gallbladder",0.0,0.0,0.0,0.0,59,672743332
"Male","All","60-64 years","Other Biliary",0.0,0.0,0.0,0.0,149,672743332
"Male","All","60-64 years","Pancreas",0.2,0.0,0.2,0.2,1242,672743332
"Male","All","60-64 years","Retroperitoneum",0.0,0.0,0.0,0.0,26,672743332
"Male","All","60-64 years","Peritoneum, Omentum and Mesentery",0.0,0.0,0.0,0.0,10,672743332
"Male","All","60-64 years","Other Digestive Organs",0.0,0.0,0.0,0.0,40,672743332
"Male","All","60-64 years","Nose, Nasal Cavity and Middle Ear",0.0,0.0,0.0,0.0,70,672743332
"Male","All","60-64 years","Larynx",0.1,0.0,0.1,0.1,721,672743332
"Male","All","60-64 years","Lung and Bronchus",1.3,0.0,1.3,1.3,8840,672743332
"Male","All","60-64 years","Pleura",0.0,0.0,0.0,0.0,3,672743332
"Male","All","60-64 years","Trachea, Mediastinum and Other Respiratory Organs",0.0,0.0,0.0,0.0,12,672743332
"Male","All","60-64 years","Bones and Joints",0.0,0.0,0.0,0.0,34,672743332
"Male","All","60-64 years","Soft Tissue including Heart",0.0,0.0,0.0,0.0,151,672743332
"Male","All","60-64 years","Melanoma of the Skin",0.1,0.0,0.1,0.1,906,672743332
"Male","All","60-64 years","Other Non-Epithelial Skin",0.0,0.0,0.0,0.0,60,672743332
"Male","All","60-64 years","Breast",0.0,0.0,0.0,0.0,62,672743332
"Male","All","60-64 years","Cervix Uteri",0.0,NA,0.0,0.0,0,672743332
"Male","All","60-64 years","Corpus Uteri",0.0,NA,0.0,0.0,0,672743332
"Male","All","60-64 years","Uterus, NOS",0.0,NA,0.0,0.0,0,672743332
"Male","All","60-64 years","Ovary",0.0,NA,0.0,0.0,0,672743332
"Male","All","60-64 years","Vagina",0.0,NA,0.0,0.0,0,672743332
"Male","All","60-64 years","Vulva",0.0,NA,0.0,0.0,0,672743332
"Male","All","60-64 years","Other Female Genital Organs",0.0,NA,0.0,0.0,0,672743332
"Male","All","60-64 years","Prostate",1.2,0.0,1.2,1.2,8052,672743332
"Male","All","60-64 years","Testis",0.0,0.0,0.0,0.0,34,672743332
"Male","All","60-64 years","Penis",0.0,0.0,0.0,0.0,55,672743332
"Male","All","60-64 years","Other Male Genital Organs",0.0,0.0,0.0,0.0,6,672743332
"Male","All","60-64 years","Urinary Bladder",0.3,0.0,0.3,0.3,1771,672743332
"Male","All","60-64 years","Kidney and Renal Pelvis",0.2,0.0,0.2,0.2,1269,672743332
"Male","All","60-64 years","Ureter",0.0,0.0,0.0,0.0,40,672743332
"Male","All","60-64 years","Other Urinary Organs",0.0,0.0,0.0,0.0,21,672743332
"Male","All","60-64 years","Eye and Orbit",0.0,0.0,0.0,0.0,47,672743332
"Male","All","60-64 years","Brain and Other Nervous System",0.1,0.0,0.1,0.1,596,672743332
"Male","All","60-64 years","Thyroid",0.0,0.0,0.0,0.0,152,672743332
"Male","All","60-64 years","Other Endocrine including Thymus",0.0,0.0,0.0,0.0,54,672743332
"Male","All","60-64 years","Lymphoma",0.2,0.0,0.2,0.2,1432,672743332
"Male","All","60-64 years","Myeloma",0.1,0.0,0.1,0.1,616,672743332
"Male","All","60-64 years","Leukemia",0.2,0.0,0.1,0.2,1027,672743332
"Male","All","60-64 years","Mesothelioma",0.0,0.0,0.0,0.0,135,672743332
"Male","All","60-64 years","Kaposi Sarcoma",0.0,0.0,0.0,0.0,13,672743332
"Male","All","70-74 years","Lip",0.0,0.0,0.0,0.0,144,672743332
"Male","All","70-74 years","Tongue",0.1,0.0,0.0,0.1,368,672743332
"Male","All","70-74 years","Salivary Gland",0.0,0.0,0.0,0.0,136,672743332
"Male","All","70-74 years","Floor of Mouth",0.0,0.0,0.0,0.0,110,672743332
"Male","All","70-74 years","Gum and Other Mouth",0.0,0.0,0.0,0.0,189,672743332
"Male","All","70-74 years","Nasopharynx",0.0,0.0,0.0,0.0,63,672743332
"Male","All","70-74 years","Tonsil",0.0,0.0,0.0,0.0,145,672743332
"Male","All","70-74 years","Oropharynx",0.0,0.0,0.0,0.0,53,672743332
"Male","All","70-74 years","Hypopharynx",0.0,0.0,0.0,0.0,184,672743332
"Male","All","70-74 years","Other Oral Cavity and Pharynx",0.0,0.0,0.0,0.0,43,672743332
"Male","All","70-74 years","Esophagus",0.2,0.0,0.1,0.2,1047,672743332
"Male","All","70-74 years","Stomach",0.2,0.0,0.2,0.2,1436,672743332
"Male","All","70-74 years","Small Intestine",0.0,0.0,0.0,0.0,193,672743332
"Male","All","70-74 years","Colon and Rectum",1.0,0.0,0.9,1.0,6484,672743332
"Male","All","70-74 years","Anus, Anal Canal and Anorectum",0.0,0.0,0.0,0.0,107,672743332
"Male","All","70-74 years","Liver",0.1,0.0,0.1,0.1,943,672743332
"Male","All","70-74 years","Intrahepatic Bile Duct",0.0,0.0,0.0,0.0,121,672743332
"Male","All","70-74 years","Gallbladder",0.0,0.0,0.0,0.0,110,672743332
"Male","All","70-74 years","Other Biliary",0.0,0.0,0.0,0.0,255,672743332
"Male","All","70-74 years","Pancreas",0.3,0.0,0.2,0.3,1692,672743332
"Male","All","70-74 years","Retroperitoneum",0.0,0.0,0.0,0.0,47,672743332
"Male","All","70-74 years","Peritoneum, Omentum and Mesentery",0.0,0.0,0.0,0.0,8,672743332
"Male","All","70-74 years","Other Digestive Organs",0.0,0.0,0.0,0.0,69,672743332
"Male","All","70-74 years","Nose, Nasal Cavity and Middle Ear",0.0,0.0,0.0,0.0,69,672743332
"Male","All","70-74 years","Larynx",0.1,0.0,0.1,0.1,827,672743332
"Male","All","70-74 years","Lung and Bronchus",1.9,0.0,1.9,2.0,13037,672743332
"Male","All","70-74 years","Pleura",0.0,0.0,0.0,0.0,5,672743332
"Male","All","70-74 years","Trachea, Mediastinum and Other Respiratory Organs",0.0,0.0,0.0,0.0,19,672743332
"Male","All","70-74 years","Bones and Joints",0.0,0.0,0.0,0.0,48,672743332
"Male","All","70-74 years","Soft Tissue including Heart",0.0,0.0,0.0,0.0,237,672743332
"Male","All","70-74 years","Melanoma of the Skin",0.3,0.0,0.2,0.3,1721,672743332
"Male","All","70-74 years","Other Non-Epithelial Skin",0.0,0.0,0.0,0.0,201,672743332
"Male","All","70-74 years","Breast",0.0,0.0,0.0,0.0,108,672743332
"Male","All","70-74 years","Cervix Uteri",0.0,NA,0.0,0.0,0,672743332
"Male","All","70-74 years","Corpus Uteri",0.0,NA,0.0,0.0,0,672743332
"Male","All","70-74 years","Uterus, NOS",0.0,NA,0.0,0.0,0,672743332
"Male","All","70-74 years","Ovary",0.0,NA,0.0,0.0,0,672743332
"Male","All","70-74 years","Vagina",0.0,NA,0.0,0.0,0,672743332
"Male","All","70-74 years","Vulva",0.0,NA,0.0,0.0,0,672743332
"Male","All","70-74 years","Other Female Genital Organs",0.0,NA,0.0,0.0,0,672743332
"Male","All","70-74 years","Prostate",2.8,0.0,2.7,2.8,18743,672743332
"Male","All","70-74 years","Testis",0.0,0.0,0.0,0.0,17,672743332
"Male","All","70-74 years","Penis",0.0,0.0,0.0,0.0,86,672743332
"Male","All","70-74 years","Other Male Genital Organs",0.0,0.0,0.0,0.0,26,672743332
"Male","All","70-74 years","Urinary Bladder",0.6,0.0,0.6,0.6,4164,672743332
"Male","All","70-74 years","Kidney and Renal Pelvis",0.2,0.0,0.2,0.3,1653,672743332
"Male","All","70-74 years","Ureter",0.0,0.0,0.0,0.0,88,672743332
"Male","All","70-74 years","Other Urinary Organs",0.0,0.0,0.0,0.0,59,672743332
"Male","All","70-74 years","Eye and Orbit",0.0,0.0,0.0,0.0,79,672743332
"Male","All","70-74 years","Brain and Other Nervous System",0.1,0.0,0.1,0.1,684,672743332
"Male","All","70-74 years","Thyroid",0.0,0.0,0.0,0.0,214,672743332
"Male","All","70-74 years","Other Endocrine including Thymus",0.0,0.0,0.0,0.0,55,672743332
"Male","All","70-74 years","Lymphoma",0.3,0.0,0.3,0.4,2323,672743332
"Male","All","70-74 years","Myeloma",0.1,0.0,0.1,0.2,960,672743332
"Male","All","70-74 years","Leukemia",0.3,0.0,0.2,0.3,1752,672743332
"Male","All","70-74 years","Mesothelioma",0.0,0.0,0.0,0.1,323,672743332
"Male","All","70-74 years","Kaposi Sarcoma",0.0,0.0,0.0,0.0,31,672743332
"Male","Black","50-54 years","Lip",0.0,NA,0.0,0.0,0,74909204
"Male","Black","50-54 years","Tongue",0.1,0.0,0.1,0.1,61,74909204
"Male","Black","50-54 years","Salivary Gland",0.0,0.0,0.0,0.0,8,74909204
"Male","Black","50-54 years","Floor of Mouth",0.0,0.0,0.0,0.0,25,74909204
"Male","Black","50-54 years","Gum and Other Mouth",0.0,0.0,0.0,0.0,19,74909204
"Male","Black","50-54 years","Nasopharynx",0.0,0.0,0.0,0.0,6,74909204
"Male","Black","50-54 years","Tonsil",0.1,0.0,0.0,0.1,41,74909204
"Male","Black","50-54 years","Oropharynx",0.0,0.0,0.0,0.0,14,74909204
"Male","Black","50-54 years","Hypopharynx",0.0,0.0,0.0,0.1,33,74909204
"Male","Black","50-54 years","Other Oral Cavity and Pharynx",0.0,0.0,0.0,0.0,6,74909204
"Male","Black","50-54 years","Esophagus",0.1,0.0,0.1,0.2,112,74909204
"Male","Black","50-54 years","Stomach",0.1,0.0,0.1,0.2,100,74909204
"Male","Black","50-54 years","Small Intestine",0.0,0.0,0.0,0.0,23,74909204
"Male","Black","50-54 years","Colon and Rectum",0.4,0.0,0.3,0.4,294,74909204
"Male","Black","50-54 years","Anus, Anal Canal and Anorectum",0.0,0.0,0.0,0.0,10,74909204
"Male","Black","50-54 years","Liver",0.2,0.0,0.2,0.3,162,74909204
"Male","Black","50-54 years","Intrahepatic Bile Duct",0.0,0.0,0.0,0.0,3,74909204
"Male","Black","50-54 years","Gallbladder",0.0,0.0,0.0,0.0,2,74909204
"Male","Black","50-54 years","Other Biliary",0.0,0.0,0.0,0.0,9,74909204
"Male","Black","50-54 years","Pancreas",0.1,0.0,0.1,0.2,112,74909204
"Male","Black","50-54 years","Retroperitoneum",0.0,0.0,0.0,0.0,1,74909204
"Male","Black","50-54 years","Peritoneum, Omentum and Mesentery",0.0,0.0,0.0,0.0,2,74909204
"Male","Black","50-54 years","Other Digestive Organs",0.0,0.0,0.0,0.0,4,74909204
"Male","Black","50-54 years","Nose, Nasal Cavity and Middle Ear",0.0,0.0,0.0,0.0,6,74909204
"Male","Black","50-54 years","Larynx",0.1,0.0,0.1,0.1,89,74909204
"Male","Black","50-54 years","Lung and Bronchus",0.9,0.0,0.8,0.9,637,74909204
"Male","Black","50-54 years","Pleura",0.0,NA,0.0,0.0,0,74909204
"Male","Black","50-54 years","Trachea, Mediastinum and Other Respiratory Organs",0.0,0.0,0.0,0.0,3,74909204
"Male","Black","50-54 years","Bones and Joints",0.0,0.0,0.0,0.0,4,74909204
"Male","Black","50-54 years","Soft Tissue including Heart",0.0,0.0,0.0,0.0,14,74909204
"Male","Black","50-54 years","Melanoma of the Skin",0.0,0.0,0.0,0.0,4,74909204
"Male","Black","50-54 years","Other Non-Epithelial Skin",0.0,0.0,0.0,0.0,2,74909204
"Male","Black","50-54 years","Breast",0.0,0.0,0.0,0.0,5,74909204
"Male","Black","50-54 years","Cervix Uteri",0.0,NA,0.0,0.0,0,74909204
"Male","Black","50-54 years","Corpus Uteri",0.0,NA,0.0,0.0,0,74909204
"Male","Black","50-54 years","Uterus, NOS",0.0,NA,0.0,0.0,0,74909204
"Male","Black","50-54 years","Ovary",0.0,NA,0.0,0.0,0,74909204
"Male","Black","50-54 years","Vagina",0.0,NA,0.0,0.0,0,74909204
"Male","Black","50-54 years","Vulva",0.0,NA,0.0,0.0,0,74909204
"Male","Black","50-54 years","Other Female Genital Organs",0.0,NA,0.0,0.0,0,74909204
"Male","Black","50-54 years","Prostate",0.7,0.0,0.6,0.8,519,74909204
"Male","Black","50-54 years","Testis",0.0,0.0,0.0,0.0,2,74909204
"Male","Black","50-54 years","Penis",0.0,0.0,0.0,0.0,3,74909204
"Male","Black","50-54 years","Other Male Genital Organs",0.0,0.0,0.0,0.0,2,74909204
"Male","Black","50-54 years","Urinary Bladder",0.1,0.0,0.0,0.1,46,74909204
"Male","Black","50-54 years","Kidney and Renal Pelvis",0.2,0.0,0.1,0.2,114,74909204
"Male","Black","50-54 years","Ureter",0.0,0.0,0.0,0.0,1,74909204
"Male","Black","50-54 years","Other Urinary Organs",0.0,0.0,0.0,0.0,2,74909204
"Male","Black","50-54 years","Eye and Orbit",0.0,0.0,0.0,0.0,1,74909204
"Male","Black","50-54 years","Brain and Other Nervous System",0.0,0.0,0.0,0.1,32,74909204
"Male","Black","50-54 years","Thyroid",0.0,0.0,0.0,0.0,6,74909204
"Male","Black","50-54 years","Other Endocrine including Thymus",0.0,0.0,0.0,0.0,4,74909204
"Male","Black","50-54 years","Lymphoma",0.2,0.0,0.2,0.2,140,74909204
"Male","Black","50-54 years","Myeloma",0.1,0.0,0.1,0.1,88,74909204
"Male","Black","50-54 years","Leukemia",0.1,0.0,0.1,0.1,67,74909204
"Male","Black","50-54 years","Mesothelioma",0.0,0.0,0.0,0.0,3,74909204
"Male","Black","50-54 years","Kaposi Sarcoma",0.0,0.0,0.0,0.0,17,74909204
"Male","Black","60-64 years","Lip",0.0,0.0,0.0,0.0,1,74909204
"Male","Black","60-64 years","Tongue",0.1,0.0,0.1,0.1,57,74909204
"Male","Black","60-64 years","Salivary Gland",0.0,0.0,0.0,0.0,7,74909204
"Male","Black","60-64 years","Floor of Mouth",0.0,0.0,0.0,0.0,24,74909204
"Male","Black","60-64 years","Gum and Other Mouth",0.0,0.0,0.0,0.1,27,74909204
"Male","Black","60-64 years","Nasopharynx",0.0,0.0,0.0,0.0,8,74909204
"Male","Black","60-64 years","Tonsil",0.0,0.0,0.0,0.1,28,74909204
"Male","Black","60-64 years","Oropharynx",0.0,0.0,0.0,0.0,10,74909204
"Male","Black","60-64 years","Hypopharynx",0.0,0.0,0.0,0.1,27,74909204
"Male","Black","60-64 years","Other Oral Cavity and Pharynx",0.0,0.0,0.0,0.0,10,74909204
"Male","Black","60-64 years","Esophagus",0.2,0.0,0.2,0.2,135,74909204
"Male","Black","60-64 years","Stomach",0.2,0.0,0.1,0.2,128,74909204
"Male","Black","60-64 years","Small Intestine",0.0,0.0,0.0,0.0,13,74909204
"Male","Black","60-64 years","Colon and Rectum",0.6,0.0,0.6,0.7,465,74909204
"Male","Black","60-64 years","Anus, Anal Canal and Anorectum",0.0,0.0,0.0,0.0,5,74909204
"Male","Black","60-64 years","Liver",0.1,0.0,0.1,0.2,94,74909204
"Male","Black","60-64 years","Intrahepatic Bile Duct",0.0,0.0,0.0,0.0,8,74909204
"Male","Black","60-64 years","Gallbladder",0.0,0.0,0.0,0.0,3,74909204
"Male","Black","60-64 years","Other Biliary",0.0,0.0,0.0,0.0,12,74909204
"Male","Black","60-64 years","Pancreas",0.2,0.0,0.2,0.2,156,74909204
"Male","Black","60-64 years","Retroperitoneum",0.0,0.0,0.0,0.0,2,74909204
"Male","Black","60-64 years","Peritoneum, Omentum and Mesentery",0.0,0.0,0.0,0.0,1,74909204
"Male","Black","60-64 years","Other Digestive Organs",0.0,0.0,0.0,0.0,10,74909204
"Male","Black","60-64 years","Nose, Nasal Cavity and Middle Ear",0.0,0.0,0.0,0.0,7,74909204
"Male","Black","60-64 years","Larynx",0.2,0.0,0.1,0.2,118,74909204
"Male","Black","60-64 years","Lung and Bronchus",1.5,0.0,1.4,1.6,1095,74909204
"Male","Black","60-64 years","Pleura",0.0,NA,0.0,0.0,0,74909204
"Male","Black","60-64 years","Trachea, Mediastinum and Other Respiratory Organs",0.0,0.0,0.0,0.0,1,74909204
"Male","Black","60-64 years","Bones and Joints",0.0,0.0,0.0,0.0,3,74909204
"Male","Black","60-64 years","Soft Tissue including Heart",0.0,0.0,0.0,0.0,13,74909204
"Male","Black","60-64 years","Melanoma of the Skin",0.0,0.0,0.0,0.0,12,74909204
"Male","Black","60-64 years","Other Non-Epithelial Skin",0.0,0.0,0.0,0.0,4,74909204
"Male","Black","60-64 years","Breast",0.0,0.0,0.0,0.0,11,74909204
"Male","Black","60-64 years","Cervix Uteri",0.0,NA,0.0,0.0,0,74909204
"Male","Black","60-64 years","Corpus Uteri",0.0,NA,0.0,0.0,0,74909204
"Male","Black","60-64 years","Uterus, NOS",0.0,NA,0.0,0.0,0,74909204
"Male","Black","60-64 years","Ovary",0.0,NA,0.0,0.0,0,74909204
"Male","Black","60-64 years","Vagina",0.0,NA,0.0,0.0,0,74909204
"Male","Black","60-64 years","Vulva",0.0,NA,0.0,0.0,0,74909204
"Male","Black","60-64 years","Other Female Genital Organs",0.0,NA,0.0,0.0,0,74909204
"Male","Black","60-64 years","Prostate",2.1,0.1,2.0,2.2,1586,74909204
"Male","Black","60-64 years","Testis",0.0,0.0,0.0,0.0,2,74909204
"Male","Black","60-64 years","Penis",0.0,0.0,0.0,0.0,9,74909204
"Male","Black","60-64 years","Other Male Genital Organs",0.0,NA,0.0,0.0,0,74909204
"Male","Black","60-64 years","Urinary Bladder",0.1,0.0,0.1,0.2,100,74909204
"Male","Black","60-64 years","Kidney and Renal Pelvis",0.2,0.0,0.1,0.2,119,74909204
"Male","Black","60-64 years","Ureter",0.0,0.0,0.0,0.0,5,74909204
"Male","Black","60-64 years","Other Urinary Organs",0.0,0.0,0.0,0.0,3,74909204
"Male","Black","60-64 years","Eye and Orbit",0.0,NA,0.0,0.0,0,74909204
"Male","Black","60-64 years","Brain and Other Nervous System",0.0,0.0,0.0,0.1,32,74909204
"Male","Black","60-64 years","Thyroid",0.0,0.0,0.0,0.0,7,74909204
"Male","Black","60-64 years","Other Endocrine including Thymus",0.0,0.0,0.0,0.0,5,74909204
"Male","Black","60-64 years","Lymphoma",0.1,0.0,0.1,0.2,105,74909204
"Male","Black","60-64 years","Myeloma",0.1,0.0,0.1,0.2,103,74909204
"Male","Black","60-64 years","Leukemia",0.1,0.0,0.1,0.1,83,74909204
"Male","Black","60-64 years","Mesothelioma",0.0,0.0,0.0,0.0,4,74909204
"Male","Black","60-64 years","Kaposi Sarcoma",0.0,0.0,0.0,0.0,5,74909204
"Male","Black","70-74 years","Lip",0.0,0.0,0.0,0.0,2,74909204
"Male","Black","70-74 years","Tongue",0.0,0.0,0.0,0.1,33,74909204
"Male","Black","70-74 years","Salivary Gland",0.0,0.0,0.0,0.0,4,74909204
"Male","Black","70-74 years","Floor of Mouth",0.0,0.0,0.0,0.0,7,74909204
"Male","Black","70-74 years","Gum and Other Mouth",0.0,0.0,0.0,0.0,10,74909204
"Male","Black","70-74 years","Nasopharynx",0.0,0.0,0.0,0.0,3,74909204
"Male","Black","70-74 years","Tonsil",0.0,0.0,0.0,0.0,16,74909204
"Male","Black","70-74 years","Oropharynx",0.0,0.0,0.0,0.0,8,74909204
"Male","Black","70-74 years","Hypopharynx",0.0,0.0,0.0,0.0,21,74909204
"Male","Black","70-74 years","Other Oral Cavity and Pharynx",0.0,0.0,0.0,0.0,7,74909204
"Male","Black","70-74 years","Esophagus",0.2,0.0,0.1,0.2,117,74909204
"Male","Black","70-74 years","Stomach",0.2,0.0,0.2,0.2,152,74909204
"Male","Black","70-74 years","Small Intestine",0.0,0.0,0.0,0.0,24,74909204
"Male","Black","70-74 years","Colon and Rectum",0.7,0.0,0.6,0.7,511,74909204
"Male","Black","70-74 years","Anus, Anal Canal and Anorectum",0.0,0.0,0.0,0.0,11,74909204
"Male","Black","70-74 years","Liver",0.1,0.0,0.1,0.1,75,74909204
"Male","Black","70-74 years","Intrahepatic Bile Duct",0.0,0.0,0.0,0.0,6,74909204
"Male","Black","70-74 years","Gallbladder",0.0,0.0,0.0,0.0,11,74909204
"Male","Black","70-74 years","Other Biliary",0.0,0.0,0.0,0.0,10,74909204
"Male","Black","70-74 years","Pancreas",0.2,0.0,0.2,0.2,146,74909204
"Male","Black","70-74 years","Retroperitoneum",0.0,0.0,0.0,0.0,1,74909204
"Male","Black","70-74 years","Peritoneum, Omentum and Mesentery",0.0,NA,0.0,0.0,0,74909204
"Male","Black","70-74 years","Other Digestive Organs",0.0,0.0,0.0,0.0,7,74909204
"Male","Black","70-74 years","Nose, Nasal Cavity and Middle Ear",0.0,0.0,0.0,0.0,5,74909204
"Male","Black","70-74 years","Larynx",0.1,0.0,0.1,0.1,88,74909204
"Male","Black","70-74 years","Lung and Bronchus",1.5,0.0,1.4,1.5,1090,74909204
"Male","Black","70-74 years","Pleura",0.0,NA,0.0,0.0,0,74909204
"Male","Black","70-74 years","Trachea, Mediastinum and Other Respiratory Organs",0.0,NA,0.0,0.0,0,74909204
"Male","Black","70-74 years","Bones and Joints",0.0,0.0,0.0,0.0,4,74909204
"Male","Black","70-74 years","Soft Tissue including Heart",0.0,0.0,0.0,0.0,19,74909204
"Male","Black","70-74 years","Melanoma of the Skin",0.0,0.0,0.0,0.0,4,74909204
"Male","Black","70-74 years","Other Non-Epithelial Skin",0.0,0.0,0.0,0.0,3,74909204
"Male","Black","70-74 years","Breast",0.0,0.0,0.0,0.0,10,74909204
"Male","Black","70-74 years","Cervix Uteri",0.0,NA,0.0,0.0,0,74909204
"Male","Black","70-74 years","Corpus Uteri",0.0,NA,0.0,0.0,0,74909204
"Male","Black","70-74 years","Uterus, NOS",0.0,NA,0.0,0.0,0,74909204
"Male","Black","70-74 years","Ovary",0.0,NA,0.0,0.0,0,74909204
"Male","Black","70-74 years","Vagina",0.0,NA,0.0,0.0,0,74909204
"Male","Black","70-74 years","Vulva",0.0,NA,0.0,0.0,0,74909204
"Male","Black","70-74 years","Other Female Genital Organs",0.0,NA,0.0,0.0,0,74909204
"Male","Black","70-74 years","Prostate",2.9,0.1,2.8,3.0,2191,74909204
"Male","Black","70-74 years","Testis",0.0,NA,0.0,0.0,0,74909204
"Male","Black","70-74 years","Penis",0.0,0.0,0.0,0.0,7,74909204
"Male","Black","70-74 years","Other Male Genital Organs",0.0,0.0,0.0,0.0,3,74909204
"Male","Black","70-74 years","Urinary Bladder",0.2,0.0,0.2,0.2,154,74909204
"Male","Black","70-74 years","Kidney and Renal Pelvis",0.2,0.0,0.1,0.2,121,74909204
"Male","Black","70-74 years","Ureter",0.0,0.0,0.0,0.0,1,74909204
"Male","Black","70-74 years","Other Urinary Organs",0.0,0.0,0.0,0.0,6,74909204
"Male","Black","70-74 years","Eye and Orbit",0.0,0.0,0.0,0.0,1,74909204
"Male","Black","70-74 years","Brain and Other Nervous System",0.0,0.0,0.0,0.1,28,74909204
"Male","Black","70-74 years","Thyroid",0.0,0.0,0.0,0.0,14,74909204
"Male","Black","70-74 years","Other Endocrine including Thymus",0.0,0.0,0.0,0.0,3,74909204
"Male","Black","70-74 years","Lymphoma",0.1,0.0,0.1,0.2,103,74909204
"Male","Black","70-74 years","Myeloma",0.1,0.0,0.1,0.2,111,74909204
"Male","Black","70-74 years","Leukemia",0.1,0.0,0.1,0.2,101,74909204
"Male","Black","70-74 years","Mesothelioma",0.0,0.0,0.0,0.0,13,74909204
"Male","Black","70-74 years","Kaposi Sarcoma",0.0,NA,0.0,0.0,0,74909204
"Female","All","50-54 years","Lip",0.0,0.0,0.0,0.0,7,689523531
"Female","All","50-54 years","Tongue",0.0,0.0,0.0,0.0,105,689523531
"Female","All","50-54 years","Salivary Gland",0.0,0.0,0.0,0.0,30,689523531
"Female","All","50-54 years","Floor of Mouth",0.0,0.0,0.0,0.0,18,689523531
"Female","All","50-54 years","Gum and Other Mouth",0.0,0.0,0.0,0.0,44,689523531
"Female","All","50-54 years","Nasopharynx",0.0,0.0,0.0,0.0,33,689523531
"Female","All","50-54 years","Tonsil",0.0,0.0,0.0,0.0,46,689523531
"Female","All","50-54 years","Oropharynx",0.0,0.0,0.0,0.0,9,689523531
"Female","All","50-54 years","Hypopharynx",0.0,0.0,0.0,0.0,33,689523531
"Female","All","50-54 years","Other Oral Cavity and Pharynx",0.0,0.0,0.0,0.0,10,689523531
"Female","All","50-54 years","Esophagus",0.0,0.0,0.0,0.0,93,689523531
"Female","All","50-54 years","Stomach",0.0,0.0,0.0,0.0,283,689523531
"Female","All","50-54 years","Small Intestine",0.0,0.0,0.0,0.0,61,689523531
"Female","All","50-54 years","Colon and Rectum",0.2,0.0,0.2,0.2,1493,689523531
"Female","All","50-54 years","Anus, Anal Canal and Anorectum",0.0,0.0,0.0,0.0,96,689523531
"Female","All","50-54 years","Liver",0.0,0.0,0.0,0.0,179,689523531
"Female","All","50-54 years","Intrahepatic Bile Duct",0.0,0.0,0.0,0.0,26,689523531
"Female","All","50-54 years","Gallbladder",0.0,0.0,0.0,0.0,73,689523531
"Female","All","50-54 years","Other Biliary",0.0,0.0,0.0,0.0,66,689523531
"Female","All","50-54 years","Pancreas",0.1,0.0,0.1,0.1,526,689523531
"Female","All","50-54 years","Retroperitoneum",0.0,0.0,0.0,0.0,26,689523531
"Female","All","50-54 years","Peritoneum, Omentum and Mesentery",0.0,0.0,0.0,0.0,61,689523531
"Female","All","50-54 years","Other Digestive Organs",0.0,0.0,0.0,0.0,25,689523531
"Female","All","50-54 years","Nose, Nasal Cavity and Middle Ear",0.0,0.0,0.0,0.0,22,689523531
"Female","All","50-54 years","Larynx",0.0,0.0,0.0,0.0,88,689523531
"Female","All","50-54 years","Lung and Bronchus",0.4,0.0,0.4,0.5,3002,689523531
"Female","All","50-54 years","Pleura",0.0,0.0,0.0,0.0,2,689523531
"Female","All","50-54 years","Trachea, Mediastinum and Other Respiratory Organs",0.0,0.0,0.0,0.0,4,689523531
"Female","All","50-54 years","Bones and Joints",0.0,0.0,0.0,0.0,27,689523531
"Female","All","50-54 years","Soft Tissue including Heart",0.0,0.0,0.0,0.0,94,689523531
"Female","All","50-54 years","Melanoma of the Skin",0.0,0.0,0.0,0.0,308,689523531
"Female","All","50-54 years","Other Non-Epithelial Skin",0.0,0.0,0.0,0.0,14,689523531
"Female","All","50-54 years","Breast",0.7,0.0,0.7,0.7,4981,689523531
"Female","All","50-54 years","Cervix Uteri",0.1,0.0,0.1,0.1,509,689523531
"Female","All","50-54 years","Corpus Uteri",0.1,0.0,0.1,0.1,723,689523531
"Female","All","50-54 years","Uterus, NOS",0.0,0.0,0.0,0.0,45,689523531
"Female","All","50-54 years","Ovary",0.2,0.0,0.1,0.2,1049,689523531
"Female","All","50-54 years","Vagina",0.0,0.0,0.0,0.0,46,689523531
"Female","All","50-54 years","Vulva",0.0,0.0,0.0,0.0,78,689523531
"Female","All","50-54 years","Other Female Genital Organs",0.0,0.0,0.0,0.0,36,689523531
"Female","All","50-54 years","Prostate",0.0,NA,0.0,0.0,0,689523531
"Female","All","50-54 years","Testis",0.0,NA,0.0,0.0,0,689523531
"Female","All","50-54 years","Penis",0.0,NA,0.0,0.0,0,689523531
"Female","All","50-54 years","Other Male Genital Organs",0.0,NA,0.0,0.0,0,689523531
"Female","All","50-54 years","Urinary Bladder",0.0,0.0,0.0,0.0,152,689523531
"Female","All","50-54 years","Kidney and Renal Pelvis",0.0,0.0,0.0,0.1,342,689523531
"Female","All","50-54 years","Ureter",0.0,0.0,0.0,0.0,4,689523531
"Female","All","50-54 years","Other Urinary Organs",0.0,0.0,0.0,0.0,10,689523531
"Female","All","50-54 years","Eye and Orbit",0.0,0.0,0.0,0.0,29,689523531
"Female","All","50-54 years","Brain and Other Nervous System",0.1,0.0,0.1,0.1,396,689523531
"Female","All","50-54 years","Thyroid",0.0,0.0,0.0,0.0,190,689523531
"Female","All","50-54 years","Other Endocrine including Thymus",0.0,0.0,0.0,0.0,39,689523531
"Female","All","50-54 years","Lymphoma",0.1,0.0,0.1,0.1,567,689523531
"Female","All","50-54 years","Myeloma",0.0,0.0,0.0,0.0,293,689523531
"Female","All","50-54 years","Leukemia",0.1,0.0,0.0,0.1,366,689523531
"Female","All","50-54 years","Mesothelioma",0.0,0.0,0.0,0.0,32,689523531
"Female","All","50-54 years","Kaposi Sarcoma",0.0,0.0,0.0,0.0,4,689523531
"Female","All","60-64 years","Lip",0.0,0.0,0.0,0.0,18,689523531
"Female","All","60-64 years","Tongue",0.0,0.0,0.0,0.0,140,689523531
"Female","All","60-64 years","Salivary Gland",0.0,0.0,0.0,0.0,50,689523531
"Female","All","60-64 years","Floor of Mouth",0.0,0.0,0.0,0.0,42,689523531
"Female","All","60-64 years","Gum and Other Mouth",0.0,0.0,0.0,0.0,94,689523531
"Female","All","60-64 years","Nasopharynx",0.0,0.0,0.0,0.0,30,689523531
"Female","All","60-64 years","Tonsil",0.0,0.0,0.0,0.0,68,689523531
"Female","All","60-64 years","Oropharynx",0.0,0.0,0.0,0.0,10,689523531
"Female","All","60-64 years","Hypopharynx",0.0,0.0,0.0,0.0,40,689523531
"Female","All","60-64 years","Other Oral Cavity and Pharynx",0.0,0.0,0.0,0.0,21,689523531
"Female","All","60-64 years","Esophagus",0.0,0.0,0.0,0.0,202,689523531
"Female","All","60-64 years","Stomach",0.1,0.0,0.1,0.1,383,689523531
"Female","All","60-64 years","Small Intestine",0.0,0.0,0.0,0.0,116,689523531
"Female","All","60-64 years","Colon and Rectum",0.3,0.0,0.3,0.4,2402,689523531
"Female","All","60-64 years","Anus, Anal Canal and Anorectum",0.0,0.0,0.0,0.0,93,689523531
"Female","All","60-64 years","Liver",0.0,0.0,0.0,0.1,314,689523531
"Female","All","60-64 years","Intrahepatic Bile Duct",0.0,0.0,0.0,0.0,53,689523531
"Female","All","60-64 years","Gallbladder",0.0,0.0,0.0,0.0,141,689523531
"Female","All","60-64 years","Other Biliary",0.0,0.0,0.0,0.0,106,689523531
"Female","All","60-64 years","Pancreas",0.1,0.0,0.1,0.1,942,689523531
"Female","All","60-64 years","Retroperitoneum",0.0,0.0,0.0,0.0,32,689523531
"Female","All","60-64 years","Peritoneum, Omentum and Mesentery",0.0,0.0,0.0,0.0,132,689523531
"Female","All","60-64 years","Other Digestive Organs",0.0,0.0,0.0,0.0,31,689523531
"Female","All","60-64 years","Nose, Nasal Cavity and Middle Ear",0.0,0.0,0.0,0.0,37,689523531
"Female","All","60-64 years","Larynx",0.0,0.0,0.0,0.0,189,689523531
"Female","All","60-64 years","Lung and Bronchus",0.9,0.0,0.9,1.0,6428,689523531
"Female","All","60-64 years","Pleura",0.0,0.0,0.0,0.0,3,689523531
"Female","All","60-64 years","Trachea, Mediastinum and Other Respiratory Organs",0.0,0.0,0.0,0.0,10,689523531
"Female","All","60-64 years","Bones and Joints",0.0,0.0,0.0,0.0,19,689523531
"Female","All","60-64 years","Soft Tissue including Heart",0.0,0.0,0.0,0.0,131,689523531
"Female","All","60-64 years","Melanoma of the Skin",0.1,0.0,0.0,0.1,354,689523531
"Female","All","60-64 years","Other Non-Epithelial Skin",0.0,0.0,0.0,0.0,36,689523531
"Female","All","60-64 years","Breast",0.9,0.0,0.9,0.9,6017,689523531
"Female","All","60-64 years","Cervix Uteri",0.1,0.0,0.1,0.1,386,689523531
"Female","All","60-64 years","Corpus Uteri",0.2,0.0,0.2,0.2,1296,689523531
"Female","All","60-64 years","Uterus, NOS",0.0,0.0,0.0,0.0,55,689523531
"Female","All","60-64 years","Ovary",0.2,0.0,0.2,0.2,1346,689523531
"Female","All","60-64 years","Vagina",0.0,0.0,0.0,0.0,70,689523531
"Female","All","60-64 years","Vulva",0.0,0.0,0.0,0.0,112,689523531
"Female","All","60-64 years","Other Female Genital Organs",0.0,0.0,0.0,0.0,49,689523531
"Female","All","60-64 years","Prostate",0.0,NA,0.0,0.0,0,689523531
"Female","All","60-64 years","Testis",0.0,NA,0.0,0.0,0,689523531
"Female","All","60-64 years","Penis",0.0,NA,0.0,0.0,0,689523531
"Female","All","60-64 years","Other Male Genital Organs",0.0,NA,0.0,0.0,0,689523531
"Female","All","60-64 years","Urinary Bladder",0.1,0.0,0.1,0.1,400,689523531
"Female","All","60-64 years","Kidney and Renal Pelvis",0.1,0.0,0.1,0.1,549,689523531
"Female","All","60-64 years","Ureter",0.0,0.0,0.0,0.0,12,689523531
"Female","All","60-64 years","Other Urinary Organs",0.0,0.0,0.0,0.0,18,689523531
"Female","All","60-64 years","Eye and Orbit",0.0,0.0,0.0,0.0,44,689523531
"Female","All","60-64 years","Brain and Other Nervous System",0.1,0.0,0.1,0.1,422,689523531
"Female","All","60-64 years","Thyroid",0.0,0.0,0.0,0.0,202,689523531
"Female","All","60-64 years","Other Endocrine including Thymus",0.0,0.0,0.0,0.0,31,689523531
"Female","All","60-64 years","Lymphoma",0.1,0.0,0.1,0.2,976,689523531
"Female","All","60-64 years","Myeloma",0.1,0.0,0.1,0.1,451,689523531
"Female","All","60-64 years","Leukemia",0.1,0.0,0.1,0.1,574,689523531
"Female","All","60-64 years","Mesothelioma",0.0,0.0,0.0,0.0,37,689523531
"Female","All","60-64 years","Kaposi Sarcoma",0.0,0.0,0.0,0.0,1,689523531
"Female","All","70-74 years","Lip",0.0,0.0,0.0,0.0,35,689523531
"Female","All","70-74 years","Tongue",0.0,0.0,0.0,0.0,182,689523531
"Female","All","70-74 years","Salivary Gland",0.0,0.0,0.0,0.0,69,689523531
"Female","All","70-74 years","Floor of Mouth",0.0,0.0,0.0,0.0,58,689523531
"Female","All","70-74 years","Gum and Other Mouth",0.0,0.0,0.0,0.0,166,689523531
"Female","All","70-74 years","Nasopharynx",0.0,0.0,0.0,0.0,33,689523531
"Female","All","70-74 years","Tonsil",0.0,0.0,0.0,0.0,72,689523531
"Female","All","70-74 years","Oropharynx",0.0,0.0,0.0,0.0,25,689523531
"Female","All","70-74 years","Hypopharynx",0.0,0.0,0.0,0.0,55,689523531
"Female","All","70-74 years","Other Oral Cavity and Pharynx",0.0,0.0,0.0,0.0,29,689523531
"Female","All","70-74 years","Esophagus",0.1,0.0,0.0,0.1,348,689523531
"Female","All","70-74 years","Stomach",0.1,0.0,0.1,0.1,781,689523531
"Female","All","70-74 years","Small Intestine",0.0,0.0,0.0,0.0,172,689523531
"Female","All","70-74 years","Colon and Rectum",0.8,0.0,0.7,0.8,5250,689523531
"Female","All","70-74 years","Anus, Anal Canal and Anorectum",0.0,0.0,0.0,0.0,143,689523531
"Female","All","70-74 years","Liver",0.1,0.0,0.1,0.1,506,689523531
"Female","All","70-74 years","Intrahepatic Bile Duct",0.0,0.0,0.0,0.0,88,689523531
"Female","All","70-74 years","Gallbladder",0.0,0.0,0.0,0.0,216,689523531
"Female","All","70-74 years","Other Biliary",0.0,0.0,0.0,0.0,201,689523531
"Female","All","70-74 years","Pancreas",0.3,0.0,0.2,0.3,1769,689523531
"Female","All","70-74 years","Retroperitoneum",0.0,0.0,0.0,0.0,44,689523531
"Female","All","70-74 years","Peritoneum, Omentum and Mesentery",0.0,0.0,0.0,0.0,189,689523531
"Female","All","70-74 years","Other Digestive Organs",0.0,0.0,0.0,0.0,70,689523531
"Female","All","70-74 years","Nose, Nasal Cavity and Middle Ear",0.0,0.0,0.0,0.0,43,689523531
"Female","All","70-74 years","Larynx",0.0,0.0,0.0,0.0,216,689523531
"Female","All","70-74 years","Lung and Bronchus",1.5,0.0,1.4,1.5,10028,689523531
"Female","All","70-74 years","Pleura",0.0,0.0,0.0,0.0,4,689523531
"Female","All","70-74 years","Trachea, Mediastinum and Other Respiratory Organs",0.0,0.0,0.0,0.0,7,689523531
"Female","All","70-74 years","Bones and Joints",0.0,0.0,0.0,0.0,34,689523531
"Female","All","70-74 years","Soft Tissue including Heart",0.0,0.0,0.0,0.0,177,689523531
"Female","All","70-74 years","Melanoma of the Skin",0.1,0.0,0.1,0.1,773,689523531
"Female","All","70-74 years","Other Non-Epithelial Skin",0.0,0.0,0.0,0.0,91,689523531
"Female","All","70-74 years","Breast",1.4,0.0,1.4,1.4,9627,689523531
"Female","All","70-74 years","Cervix Uteri",0.1,0.0,0.0,0.1,361,689523531
"Female","All","70-74 years","Corpus Uteri",0.3,0.0,0.3,0.3,1960,689523531
"Female","All","70-74 years","Uterus, NOS",0.0,0.0,0.0,0.0,54,689523531
"Female","All","70-74 years","Ovary",0.2,0.0,0.2,0.2,1592,689523531
"Female","All","70-74 years","Vagina",0.0,0.0,0.0,0.0,72,689523531
"Female","All","70-74 years","Vulva",0.0,0.0,0.0,0.0,195,689523531
"Female","All","70-74 years","Other Female Genital Organs",0.0,0.0,0.0,0.0,76,689523531
"Female","All","70-74 years","Prostate",0.0,NA,0.0,0.0,0,689523531
"Female","All","70-74 years","Testis",0.0,NA,0.0,0.0,0,689523531
"Female","All","70-74 years","Penis",0.0,NA,0.0,0.0,0,689523531
"Female","All","70-74 years","Other Male Genital Organs",0.0,NA,0.0,0.0,0,689523531
"Female","All","70-74 years","Urinary Bladder",0.2,0.0,0.2,0.2,1167,689523531
"Female","All","70-74 years","Kidney and Renal Pelvis",0.1,0.0,0.1,0.2,986,689523531
"Female","All","70-74 years","Ureter",0.0,0.0,0.0,0.0,57,689523531
"Female","All","70-74 years","Other Urinary Organs",0.0,0.0,0.0,0.0,20,689523531
"Female","All","70-74 years","Eye and Orbit",0.0,0.0,0.0,0.0,47,689523531
"Female","All","70-74 years","Brain and Other Nervous System",0.1,0.0,0.1,0.1,554,689523531
"Female","All","70-74 years","Thyroid",0.0,0.0,0.0,0.1,331,689523531
"Female","All","70-74 years","Other Endocrine including Thymus",0.0,0.0,0.0,0.0,39,689523531
"Female","All","70-74 years","Lymphoma",0.3,0.0,0.3,0.3,1973,689523531
"Female","All","70-74 years","Myeloma",0.1,0.0,0.1,0.1,787,689523531
"Female","All","70-74 years","Leukemia",0.2,0.0,0.1,0.2,1041,689523531
"Female","All","70-74 years","Mesothelioma",0.0,0.0,0.0,0.0,47,689523531
"Female","All","70-74 years","Kaposi Sarcoma",0.0,0.0,0.0,0.0,7,689523531
"Female","Black","50-54 years","Lip",0.0,NA,0.0,0.0,0,80930475
"Female","Black","50-54 years","Tongue",0.0,0.0,0.0,0.0,14,80930475
"Female","Black","50-54 years","Salivary Gland",0.0,0.0,0.0,0.0,6,80930475
"Female","Black","50-54 years","Floor of Mouth",0.0,0.0,0.0,0.0,1,80930475
"Female","Black","50-54 years","Gum and Other Mouth",0.0,0.0,0.0,0.0,18,80930475
"Female","Black","50-54 years","Nasopharynx",0.0,0.0,0.0,0.0,3,80930475
"Female","Black","50-54 years","Tonsil",0.0,0.0,0.0,0.0,10,80930475
"Female","Black","50-54 years","Oropharynx",0.0,0.0,0.0,0.0,1,80930475
"Female","Black","50-54 years","Hypopharynx",0.0,0.0,0.0,0.0,10,80930475
"Female","Black","50-54 years","Other Oral Cavity and Pharynx",0.0,0.0,0.0,0.0,3,80930475
"Female","Black","50-54 years","Esophagus",0.0,0.0,0.0,0.1,29,80930475
"Female","Black","50-54 years","Stomach",0.1,0.0,0.0,0.1,51,80930475
"Female","Black","50-54 years","Small Intestine",0.0,0.0,0.0,0.0,15,80930475
"Female","Black","50-54 years","Colon and Rectum",0.3,0.0,0.3,0.4,256,80930475
"Female","Black","50-54 years","Anus, Anal Canal and Anorectum",0.0,0.0,0.0,0.0,16,80930475
"Female","Black","50-54 years","Liver",0.0,0.0,0.0,0.1,30,80930475
"Female","Black","50-54 years","Intrahepatic Bile Duct",0.0,0.0,0.0,0.0,3,80930475
"Female","Black","50-54 years","Gallbladder",0.0,0.0,0.0,0.0,7,80930475
"Female","Black","50-54 years","Other Biliary",0.0,0.0,0.0,0.0,4,80930475
"Female","Black","50-54 years","Pancreas",0.1,0.0,0.1,0.1,79,80930475
"Female","Black","50-54 years","Retroperitoneum",0.0,0.0,0.0,0.0,7,80930475
"Female","Black","50-54 years","Peritoneum, Omentum and Mesentery",0.0,0.0,0.0,0.0,2,80930475
"Female","Black","50-54 years","Other Digestive Organs",0.0,0.0,0.0,0.0,2,80930475
"Female","Black","50-54 years","Nose, Nasal Cavity and Middle Ear",0.0,0.0,0.0,0.0,3,80930475
"Female","Black","50-54 years","Larynx",0.0,0.0,0.0,0.0,19,80930475
"Female","Black","50-54 years","Lung and Bronchus",0.5,0.0,0.5,0.6,405,80930475
"Female","Black","50-54 years","Pleura",0.0,NA,0.0,0.0,0,80930475
"Female","Black","50-54 years","Trachea, Mediastinum and Other Respiratory Organs",0.0,NA,0.0,0.0,0,80930475
"Female","Black","50-54 years","Bones and Joints",0.0,0.0,0.0,0.0,1,80930475
"Female","Black","50-54 years","Soft Tissue including Heart",0.0,0.0,0.0,0.0,15,80930475
"Female","Black","50-54 years","Melanoma of the Skin",0.0,0.0,0.0,0.0,1,80930475
"Female","Black","50-54 years","Other Non-Epithelial Skin",0.0,0.0,0.0,0.0,2,80930475
"Female","Black","50-54 years","Breast",0.9,0.0,0.9,1.0,743,80930475
"Female","Black","50-54 years","Cervix Uteri",0.1,0.0,0.1,0.1,69,80930475
"Female","Black","50-54 years","Corpus Uteri",0.1,0.0,0.1,0.1,73,80930475
"Female","Black","50-54 years","Uterus, NOS",0.0,0.0,0.0,0.0,11,80930475
"Female","Black","50-54 years","Ovary",0.1,0.0,0.1,0.1,65,80930475
"Female","Black","50-54 years","Vagina",0.0,0.0,0.0,0.0,5,80930475
"Female","Black","50-54 years","Vulva",0.0,0.0,0.0,0.0,16,80930475
"Female","Black","50-54 years","Other Female Genital Organs",0.0,0.0,0.0,0.0,4,80930475
"Female","Black","50-54 years","Prostate",0.0,NA,0.0,0.0,0,80930475
"Female","Black","50-54 years","Testis",0.0,NA,0.0,0.0,0,80930475
"Female","Black","50-54 years","Penis",0.0,NA,0.0,0.0,0,80930475
"Female","Black","50-54 years","Other Male Genital Organs",0.0,NA,0.0,0.0,0,80930475
"Female","Black","50-54 years","Urinary Bladder",0.0,0.0,0.0,0.0,19,80930475
"Female","Black","50-54 years","Kidney and Renal Pelvis",0.1,0.0,0.1,0.1,54,80930475
"Female","Black","50-54 years","Ureter",0.0,NA,0.0,0.0,0,80930475
"Female","Black","50-54 years","Other Urinary Organs",0.0,0.0,0.0,0.0,5,80930475
"Female","Black","50-54 years","Eye and Orbit",0.0,NA,0.0,0.0,0,80930475
"Female","Black","50-54 years","Brain and Other Nervous System",0.0,0.0,0.0,0.1,28,80930475
"Female","Black","50-54 years","Thyroid",0.0,0.0,0.0,0.0,19,80930475
"Female","Black","50-54 years","Other Endocrine including Thymus",0.0,0.0,0.0,0.0,6,80930475
"Female","Black","50-54 years","Lymphoma",0.1,0.0,0.1,0.1,73,80930475
"Female","Black","50-54 years","Myeloma",0.1,0.0,0.1,0.1,89,80930475
"Female","Black","50-54 years","Leukemia",0.0,0.0,0.0,0.1,38,80930475
"Female","Black","50-54 years","Mesothelioma",0.0,0.0,0.0,0.0,1,80930475
"Female","Black","50-54 years","Kaposi Sarcoma",0.0,0.0,0.0,0.0,2,80930475
"Female","Black","60-64 years","Lip",0.0,0.0,0.0,0.0,1,80930475
"Female","Black","60-64 years","Tongue",0.0,0.0,0.0,0.0,14,80930475
"Female","Black","60-64 years","Salivary Gland",0.0,0.0,0.0,0.0,5,80930475
"Female","Black","60-64 years","Floor of Mouth",0.0,0.0,0.0,0.0,6,80930475
"Female","Black","60-64 years","Gum and Other Mouth",0.0,0.0,0.0,0.0,9,80930475
"Female","Black","60-64 years","Nasopharynx",0.0,0.0,0.0,0.0,2,80930475
"Female","Black","60-64 years","Tonsil",0.0,0.0,0.0,0.0,3,80930475
"Female","Black","60-64 years","Oropharynx",0.0,0.0,0.0,0.0,2,80930475
"Female","Black","60-64 years","Hypopharynx",0.0,0.0,0.0,0.0,5,80930475
"Female","Black","60-64 years","Other Oral Cavity and Pharynx",0.0,0.0,0.0,0.0,3,80930475
"Female","Black","60-64 years","Esophagus",0.1,0.0,0.0,0.1,45,80930475
"Female","Black","60-64 years","Stomach",0.1,0.0,0.1,0.1,67,80930475
"Female","Black","60-64 years","Small Intestine",0.0,0.0,0.0,0.0,22,80930475
"Female","Black","60-64 years","Colon and Rectum",0.5,0.0,0.4,0.5,372,80930475
"Female","Black","60-64 years","Anus, Anal Canal and Anorectum",0.0,0.0,0.0,0.0,7,80930475
"Female","Black","60-64 years","Liver",0.0,0.0,0.0,0.0,27,80930475
"Female","Black","60-64 years","Intrahepatic Bile Duct",0.0,0.0,0.0,0.0,3,80930475
"Female","Black","60-64 years","Gallbladder",0.0,0.0,0.0,0.0,15,80930475
"Female","Black","60-64 years","Other Biliary",0.0,0.0,0.0,0.0,12,80930475
"Female","Black","60-64 years","Pancreas",0.2,0.0,0.1,0.2,127,80930475
"Female","Black","60-64 years","Retroperitoneum",0.0,0.0,0.0,0.0,5,80930475
"Female","Black","60-64 years","Peritoneum, Omentum and Mesentery",0.0,0.0,0.0,0.0,5,80930475
"Female","Black","60-64 years","Other Digestive Organs",0.0,0.0,0.0,0.0,3,80930475
"Female","Black","60-64 years","Nose, Nasal Cavity and Middle Ear",0.0,0.0,0.0,0.0,3,80930475
"Female","Black","60-64 years","Larynx",0.0,0.0,0.0,0.1,29,80930475
"Female","Black","60-64 years","Lung and Bronchus",0.8,0.0,0.7,0.8,624,80930475
"Female","Black","60-64 years","Pleura",0.0,NA,0.0,0.0,0,80930475
"Female","Black","60-64 years","Trachea, Mediastinum and Other Respiratory Organs",0.0,0.0,0.0,0.0,1,80930475
"Female","Black","60-64 years","Bones and Joints",0.0,0.0,0.0,0.0,2,80930475
"Female","Black","60-64 years","Soft Tissue including Heart",0.0,0.0,0.0,0.0,14,80930475
"Female","Black","60-64 years","Melanoma of the Skin",0.0,0.0,0.0,0.0,5,80930475
"Female","Black","60-64 years","Other Non-Epithelial Skin",0.0,0.0,0.0,0.0,2,80930475
"Female","Black","60-64 years","Breast",0.8,0.0,0.7,0.9,651,80930475
"Female","Black","60-64 years","Cervix Uteri",0.1,0.0,0.1,0.1,67,80930475
"Female","Black","60-64 years","Corpus Uteri",0.2,0.0,0.2,0.3,176,80930475
"Female","Black","60-64 years","Uterus, NOS",0.0,0.0,0.0,0.0,13,80930475
"Female","Black","60-64 years","Ovary",0.1,0.0,0.1,0.2,107,80930475
"Female","Black","60-64 years","Vagina",0.0,0.0,0.0,0.0,12,80930475
"Female","Black","60-64 years","Vulva",0.0,0.0,0.0,0.0,9,80930475
"Female","Black","60-64 years","Other Female Genital Organs",0.0,0.0,0.0,0.0,5,80930475
"Female","Black","60-64 years","Prostate",0.0,NA,0.0,0.0,0,80930475
"Female","Black","60-64 years","Testis",0.0,NA,0.0,0.0,0,80930475
"Female","Black","60-64 years","Penis",0.0,NA,0.0,0.0,0,80930475
"Female","Black","60-64 years","Other Male Genital Organs",0.0,NA,0.0,0.0,0,80930475
"Female","Black","60-64 years","Urinary Bladder",0.1,0.0,0.0,0.1,42,80930475
"Female","Black","60-64 years","Kidney and Renal Pelvis",0.1,0.0,0.1,0.1,65,80930475
"Female","Black","60-64 years","Ureter",0.0,0.0,0.0,0.0,1,80930475
"Female","Black","60-64 years","Other Urinary Organs",0.0,0.0,0.0,0.0,7,80930475
"Female","Black","60-64 years","Eye and Orbit",0.0,NA,0.0,0.0,0,80930475
"Female","Black","60-64 years","Brain and Other Nervous System",0.0,0.0,0.0,0.0,20,80930475
"Female","Black","60-64 years","Thyroid",0.0,0.0,0.0,0.0,18,80930475
"Female","Black","60-64 years","Other Endocrine including Thymus",0.0,0.0,0.0,0.0,2,80930475
"Female","Black","60-64 years","Lymphoma",0.1,0.0,0.1,0.1,65,80930475
"Female","Black","60-64 years","Myeloma",0.1,0.0,0.1,0.1,93,80930475
"Female","Black","60-64 years","Leukemia",0.1,0.0,0.0,0.1,51,80930475
"Female","Black","60-64 years","Mesothelioma",0.0,0.0,0.0,0.0,3,80930475
"Female","Black","60-64 years","Kaposi Sarcoma",0.0,0.0,0.0,0.0,1,80930475
"Female","Black","70-74 years","Lip",0.0,NA,0.0,0.0,0,80930475
"Female","Black","70-74 years","Tongue",0.0,0.0,0.0,0.0,8,80930475
"Female","Black","70-74 years","Salivary Gland",0.0,0.0,0.0,0.0,7,80930475
"Female","Black","70-74 years","Floor of Mouth",0.0,0.0,0.0,0.0,4,80930475
"Female","Black","70-74 years","Gum and Other Mouth",0.0,0.0,0.0,0.0,11,80930475
"Female","Black","70-74 years","Nasopharynx",0.0,0.0,0.0,0.0,1,80930475
"Female","Black","70-74 years","Tonsil",0.0,0.0,0.0,0.0,4,80930475
"Female","Black","70-74 years","Oropharynx",0.0,0.0,0.0,0.0,2,80930475
"Female","Black","70-74 years","Hypopharynx",0.0,0.0,0.0,0.0,1,80930475
"Female","Black","70-74 years","Other Oral Cavity and Pharynx",0.0,0.0,0.0,0.0,4,80930475
"Female","Black","70-74 years","Esophagus",0.1,0.0,0.0,0.1,49,80930475
"Female","Black","70-74 years","Stomach",0.1,0.0,0.1,0.1,96,80930475
"Female","Black","70-74 years","Small Intestine",0.0,0.0,0.0,0.0,23,80930475
"Female","Black","70-74 years","Colon and Rectum",0.7,0.0,0.6,0.7,528,80930475
"Female","Black","70-74 years","Anus, Anal Canal and Anorectum",0.0,0.0,0.0,0.0,10,80930475
"Female","Black","70-74 years","Liver",0.1,0.0,0.0,0.1,41,80930475
"Female","Black","70-74 years","Intrahepatic Bile Duct",0.0,0.0,0.0,0.0,5,80930475
"Female","Black","70-74 years","Gallbladder",0.0,0.0,0.0,0.0,14,80930475
"Female","Black","70-74 years","Other Biliary",0.0,0.0,0.0,0.0,14,80930475
"Female","Black","70-74 years","Pancreas",0.2,0.0,0.2,0.3,189,80930475
"Female","Black","70-74 years","Retroperitoneum",0.0,0.0,0.0,0.0,6,80930475
"Female","Black","70-74 years","Peritoneum, Omentum and Mesentery",0.0,0.0,0.0,0.0,7,80930475
"Female","Black","70-74 years","Other Digestive Organs",0.0,0.0,0.0,0.0,13,80930475
"Female","Black","70-74 years","Nose, Nasal Cavity and Middle Ear",0.0,0.0,0.0,0.0,1,80930475
"Female","Black","70-74 years","Larynx",0.0,0.0,0.0,0.0,23,80930475
"Female","Black","70-74 years","Lung and Bronchus",0.9,0.0,0.8,0.9,714,80930475
"Female","Black","70-74 years","Pleura",0.0,NA,0.0,0.0,0,80930475
"Female","Black","70-74 years","Trachea, Mediastinum and Other Respiratory Organs",0.0,0.0,0.0,0.0,1,80930475
"Female","Black","70-74 years","Bones and Joints",0.0,0.0,0.0,0.0,1,80930475
"Female","Black","70-74 years","Soft Tissue including Heart",0.0,0.0,0.0,0.0,20,80930475
"Female","Black","70-74 years","Melanoma of the Skin",0.0,0.0,0.0,0.0,4,80930475
"Female","Black","70-74 years","Other Non-Epithelial Skin",0.0,0.0,0.0,0.0,7,80930475
"Female","Black","70-74 years","Breast",0.9,0.0,0.8,1.0,722,80930475
"Female","Black","70-74 years","Cervix Uteri",0.1,0.0,0.1,0.1,61,80930475
"Female","Black","70-74 years","Corpus Uteri",0.2,0.0,0.2,0.3,186,80930475
"Female","Black","70-74 years","Uterus, NOS",0.0,0.0,0.0,0.0,11,80930475
"Female","Black","70-74 years","Ovary",0.1,0.0,0.1,0.2,102,80930475
"Female","Black","70-74 years","Vagina",0.0,0.0,0.0,0.0,12,80930475
"Female","Black","70-74 years","Vulva",0.0,0.0,0.0,0.0,13,80930475
"Female","Black","70-74 years","Other Female Genital Organs",0.0,0.0,0.0,0.0,2,80930475
"Female","Black","70-74 years","Prostate",0.0,NA,0.0,0.0,0,80930475
"Female","Black","70-74 years","Testis",0.0,NA,0.0,0.0,0,80930475
"Female","Black","70-74 years","Penis",0.0,NA,0.0,0.0,0,80930475
"Female","Black","70-74 years","Other Male Genital Organs",0.0,NA,0.0,0.0,0,80930475
"Female","Black","70-74 years","Urinary Bladder",0.1,0.0,0.1,0.1,96,80930475
"Female","Black","70-74 years","Kidney and Renal Pelvis",0.1,0.0,0.1,0.2,103,80930475
"Female","Black","70-74 years","Ureter",0.0,0.0,0.0,0.0,2,80930475
"Female","Black","70-74 years","Other Urinary Organs",0.0,0.0,0.0,0.0,6,80930475
"Female","Black","70-74 years","Eye and Orbit",0.0,NA,0.0,0.0,0,80930475
"Female","Black","70-74 years","Brain and Other Nervous System",0.0,0.0,0.0,0.0,17,80930475
"Female","Black","70-74 years","Thyroid",0.0,0.0,0.0,0.0,26,80930475
"Female","Black","70-74 years","Other Endocrine including Thymus",0.0,0.0,0.0,0.0,6,80930475
"Female","Black","70-74 years","Lymphoma",0.1,0.0,0.1,0.1,98,80930475
"Female","Black","70-74 years","Myeloma",0.2,0.0,0.1,0.2,132,80930475
"Female","Black","70-74 years","Leukemia",0.1,0.0,0.1,0.1,85,80930475
"Female","Black","70-74 years","Mesothelioma",0.0,0.0,0.0,0.0,4,80930475
"Female","Black","70-74 years","Kaposi Sarcoma",0.0,NA,0.0,0.0,0,80930475
